<?xml version="1.0" encoding="utf-8"?>
<!--
  ~ Copyright (C) 2016 The Android Open Source Project
  ~
  ~ Licensed under the Apache License, Version 2.0 (the "License");
  ~ you may not use this file except in compliance with the License.
  ~ You may obtain a copy of the License at
  ~
  ~      http://www.apache.org/licenses/LICENSE-2.0
  ~
  ~ Unless required by applicable law or agreed to in writing, software
  ~ distributed under the License is distributed on an "AS IS" BASIS,
  ~ WITHOUT WARRANTIES OR CONDITIONS OF ANY KIND, either express or implied.
  ~ See the License for the specific language governing permissions and
  ~ limitations under the License
  -->

<!--
This XML file declares which signature|privileged permissions should be granted to privileged
applications that come with the miui
-->
<permissions>

    <privapp-permissions package="com.miui.mishare.connectivity">
        <permission name="android.permission.BLUETOOTH_PRIVILEGED" />
        <permission name="android.permission.LOCAL_MAC_ADDRESS" />
        <permission name="android.permission.OVERRIDE_WIFI_CONFIG" />
        <permission name="android.permission.WRITE_SECURE_SETTINGS" />
        <permission name="android.permission.STOP_APP_SWITCHES" />
        <permission name="android.permission.START_ACTIVITIES_FROM_BACKGROUND" />
        <permission name="android.permission.SYSTEM_ALERT_WINDOW" />
        <permission name="android.permission.MANAGE_USERS" />
        <permission name="android.permission.INTERACT_ACROSS_USERS" />
        <permission name="android.permission.STATUS_BAR" />
    </privapp-permissions>

</permissions>